<?xml version="1.0" encoding="UTF-8"?><InteractionHistory Id="local-1" Version="1"><InteractionEvent Delta="null" EndDate="2020-01-07 09:46:43.305 CET" Interest="18.050999" Kind="propagation" Navigation="org.eclipse.mylyn.core.model.edges.containment" OriginId="org.eclipse.mylyn.core.model.interest.propagation" StartDate="2020-01-07 09:41:27.908 CET" StructureHandle="/ProgettoQuarta/src" StructureKind="resource" NumEvents="21" CreationCount="1528"/><InteractionEvent Delta="null" EndDate="2019-12-16 14:42:32.653 CET" Interest="78.0" Kind="edit" Navigation="null" OriginId="org.eclipse.jdt.ui.CompilationUnitEditor" StartDate="2019-12-16 14:31:26.483 CET" StructureHandle="=Classe4/src&amp;lt;motorizzazione{Main.java[Main~newAuto" StructureKind="java" NumEvents="78" CreationCount="596"/><InteractionEvent Delta="null" EndDate="2019-12-16 14:52:21.867 CET" Interest="13.0" Kind="selection" Navigation="null" OriginId="org.eclipse.jdt.ui.CompilationUnitEditor" StartDate="2019-12-16 14:31:22.499 CET" StructureHandle="=Classe4/src&amp;lt;motorizzazione{Main.java[Main~newAuto" StructureKind="java" NumEvents="13" CreationCount="596"/><InteractionEvent Delta="null" EndDate="2019-12-13 13:30:50.932 CET" Interest="7.0" Kind="propagation" Navigation="null" OriginId="org.eclipse.jdt.ui.CompilationUnitEditor" StartDate="2019-12-13 13:16:04.780 CET" StructureHandle="/Classe4/src/ioBasic/ScriviFile.java" StructureKind="resource" NumEvents="7" CreationCount="158"/><InteractionEvent Delta="null" EndDate="2019-12-16 14:31:49.768 CET" Interest="5.0" Kind="propagation" Navigation="org.eclipse.mylyn.core.model.edges.containment" OriginId="org.eclipse.mylyn.core.model.interest.propagation" StartDate="2019-12-16 14:31:36.810 CET" StructureHandle="/Classe4/src/razionale" StructureKind="resource" NumEvents="5" CreationCount="598"/><InteractionEvent Delta="null" EndDate="2019-12-13 13:30:50.241 CET" Interest="1.0" Kind="selection" Navigation="null" OriginId="org.eclipse.jdt.ui.CompilationUnitEditor" StartDate="2019-12-13 13:30:50.241 CET" StructureHandle="=Classe4/src&amp;lt;ioBasic{LeggiFilePlus.java[LeggiFilePlus~main~\[QString;" StructureKind="java"/><InteractionEvent Delta="null" EndDate="2020-01-07 09:44:27.77 CET" Interest="0.43400013" Kind="propagation" Navigation="org.eclipse.mylyn.core.model.edges.containment" OriginId="org.eclipse.mylyn.core.model.interest.propagation" StartDate="2020-01-07 09:44:27.77 CET" StructureHandle="=ProgettoQuarta/src&amp;lt;automobili.motorizzazione.civile{Archivio.java" StructureKind="java"/><InteractionEvent Delta="null" EndDate="2020-01-07 09:44:01.610 CET" Interest="2.0" Kind="selection" Navigation="null" OriginId="org.eclipse.jdt.ui.CompilationUnitEditor" StartDate="2020-01-07 09:44:01.423 CET" StructureHandle="=ProgettoQuarta/src&amp;lt;automobili.motorizzazione.civile{Archivio.java" StructureKind="java" NumEvents="2" CreationCount="1566"/><InteractionEvent Delta="null" EndDate="2019-12-16 14:52:21.868 CET" Interest="61.715" Kind="propagation" Navigation="org.eclipse.mylyn.core.model.edges.containment" OriginId="org.eclipse.mylyn.core.model.interest.propagation" StartDate="2019-12-09 09:48:44.925 CET" StructureHandle="=Classe4/src&amp;lt;motorizzazione{Main.java" StructureKind="java" NumEvents="89" CreationCount="1"/><InteractionEvent Delta="null" EndDate="2019-12-20 13:16:11.43 CET" Interest="18.0" Kind="selection" Navigation="null" OriginId="org.eclipse.jdt.ui.CompilationUnitEditor" StartDate="2019-12-09 09:49:36.554 CET" StructureHandle="=Classe4/src&amp;lt;motorizzazione{Main.java" StructureKind="java" NumEvents="18" CreationCount="1"/><InteractionEvent Delta="null" EndDate="2020-01-07 09:41:31.856 CET" Interest="1.0" Kind="propagation" Navigation="org.eclipse.mylyn.core.model.edges.containment" OriginId="org.eclipse.mylyn.core.model.interest.propagation" StartDate="2020-01-07 09:41:31.856 CET" StructureHandle="/ProgettoQuarta/src/data" StructureKind="resource"/><InteractionEvent Delta="null" EndDate="2019-12-13 13:32:43.652 CET" Interest="1.0" Kind="selection" Navigation="null" OriginId="org.eclipse.jdt.ui.CompilationUnitEditor" StartDate="2019-12-13 13:32:43.652 CET" StructureHandle="=Classe4/src&amp;lt;Briatore.Merkel{Impiegato.java[Impiegato^cognome" StructureKind="java"/><InteractionEvent Delta="null" EndDate="2019-12-20 13:30:09.471 CET" Interest="1.0" Kind="selection" Navigation="null" OriginId="org.eclipse.jdt.ui.CompilationUnitEditor" StartDate="2019-12-20 13:30:09.471 CET" StructureHandle="=Classe4/src&amp;lt;blundo.giuseppe{Riga.java[Riga~getProdotto" StructureKind="java"/><InteractionEvent Delta="null" EndDate="2019-12-16 14:25:48.333 CET" Interest="1.2270002" Kind="manipulation" Navigation="null" OriginId="org.eclipse.mylyn.core.model.interest.decay.correction" StartDate="2019-12-16 14:25:48.333 CET" StructureHandle="=Classe4/src&amp;lt;motorizzazione{Archivio.java[Archivio~add~QRecord;" StructureKind="java"/><InteractionEvent Delta="null" EndDate="2019-12-16 14:25:48.333 CET" Interest="2.0" Kind="selection" Navigation="null" OriginId="org.eclipse.jdt.ui.CompilationUnitEditor" StartDate="2019-12-16 14:19:58.975 CET" StructureHandle="=Classe4/src&amp;lt;motorizzazione{Archivio.java[Archivio~add~QRecord;" StructureKind="java" NumEvents="2" CreationCount="383"/><InteractionEvent Delta="null" EndDate="2019-12-16 14:31:36.890 CET" Interest="2.0" Kind="selection" Navigation="null" OriginId="org.eclipse.jdt.ui.CompilationUnitEditor" StartDate="2019-12-16 14:31:36.810 CET" StructureHandle="=Classe4/src&amp;lt;razionale.numero.oggetto{Programma.java" StructureKind="java" NumEvents="2" CreationCount="598"/><InteractionEvent Delta="null" EndDate="2019-12-20 13:48:32.93 CET" Interest="55.0" Kind="edit" Navigation="null" OriginId="org.eclipse.jdt.ui.CompilationUnitEditor" StartDate="2019-12-20 13:40:47.499 CET" StructureHandle="=Classe4/src&amp;lt;blundo.giuseppe{Fattura.java[Fattura~tot" StructureKind="java" NumEvents="55" CreationCount="1015"/><InteractionEvent Delta="null" EndDate="2019-12-20 13:47:07.767 CET" Interest="5.0" Kind="selection" Navigation="null" OriginId="org.eclipse.jdt.ui.CompilationUnitEditor" StartDate="2019-12-20 13:40:43.646 CET" StructureHandle="=Classe4/src&amp;lt;blundo.giuseppe{Fattura.java[Fattura~tot" StructureKind="java" NumEvents="5" CreationCount="1015"/><InteractionEvent Delta="null" EndDate="2019-12-20 23:14:32.111 CET" Interest="208.0" Kind="edit" Navigation="null" OriginId="org.eclipse.jdt.ui.CompilationUnitEditor" StartDate="2019-12-20 22:57:14.961 CET" StructureHandle="=Classe4/src&amp;lt;blundo.giuseppe{Main.java[Main~main~\[QString;" StructureKind="java" NumEvents="208" CreationCount="1258"/><InteractionEvent Delta="null" EndDate="2019-12-20 23:14:32.97 CET" Interest="9.0" Kind="selection" Navigation="null" OriginId="org.eclipse.jdt.ui.CompilationUnitEditor" StartDate="2019-12-20 22:57:10.879 CET" StructureHandle="=Classe4/src&amp;lt;blundo.giuseppe{Main.java[Main~main~\[QString;" StructureKind="java" NumEvents="9" CreationCount="1258"/><InteractionEvent Delta="null" EndDate="2019-12-13 13:30:51.361 CET" Interest="10.905001" Kind="propagation" Navigation="org.eclipse.mylyn.core.model.edges.containment" OriginId="org.eclipse.mylyn.core.model.interest.propagation" StartDate="2019-12-12 16:36:06.203 CET" StructureHandle="=Classe4/src&amp;lt;ioBasic" StructureKind="java" NumEvents="15" CreationCount="89"/><InteractionEvent Delta="null" EndDate="2019-12-13 13:30:55.991 CET" Interest="1.0" Kind="selection" Navigation="null" OriginId="org.eclipse.jdt.ui.PackageExplorer" StartDate="2019-12-13 13:30:55.991 CET" StructureHandle="=Classe4/src&amp;lt;ioBasic" StructureKind="java"/><InteractionEvent Delta="null" EndDate="2019-12-13 13:30:51.383 CET" Interest="2.0" Kind="selection" Navigation="null" OriginId="org.eclipse.jdt.ui.CompilationUnitEditor" StartDate="2019-12-13 13:18:07.839 CET" StructureHandle="=Classe4/src&amp;lt;ioBasic{LeggiFile.java[LeggiFile" StructureKind="java" NumEvents="2" CreationCount="173"/><InteractionEvent Delta="null" EndDate="2019-12-09 09:51:40.314 CET" Interest="2.751" Kind="propagation" Navigation="org.eclipse.mylyn.core.model.edges.containment" OriginId="org.eclipse.mylyn.core.model.interest.propagation" StartDate="2019-12-09 09:49:21.657 CET" StructureHandle="=Classe4/src&amp;lt;interfaccia.prova{Prova.java[Prova" StructureKind="java" NumEvents="4" CreationCount="3"/><InteractionEvent Delta="null" EndDate="2019-12-16 14:03:01.677 CET" Interest="0.0880003" Kind="manipulation" Navigation="null" OriginId="org.eclipse.mylyn.core.model.interest.decay.correction" StartDate="2019-12-16 14:03:01.677 CET" StructureHandle="=Classe4/src&amp;lt;motorizzazione{Archivio.java[Archivio~get~QPersona;" StructureKind="java"/><InteractionEvent Delta="null" EndDate="2019-12-16 14:28:47.513 CET" Interest="101.0" Kind="edit" Navigation="null" OriginId="org.eclipse.jdt.ui.CompilationUnitEditor" StartDate="2019-12-12 16:34:57.153 CET" StructureHandle="=Classe4/src&amp;lt;motorizzazione{Archivio.java[Archivio~get~QPersona;" StructureKind="java" NumEvents="101" CreationCount="80"/><InteractionEvent Delta="null" EndDate="2019-12-16 14:29:20.466 CET" Interest="15.0" Kind="selection" Navigation="null" OriginId="org.eclipse.jdt.ui.CompilationUnitEditor" StartDate="2019-12-12 16:34:04.811 CET" StructureHandle="=Classe4/src&amp;lt;motorizzazione{Archivio.java[Archivio~get~QPersona;" StructureKind="java" NumEvents="15" CreationCount="80"/><InteractionEvent Delta="null" EndDate="2020-01-07 09:46:43.305 CET" Interest="18.0" Kind="propagation" Navigation="org.eclipse.mylyn.core.model.edges.containment" OriginId="org.eclipse.mylyn.core.model.interest.propagation" StartDate="2020-01-07 09:41:49.122 CET" StructureHandle="/ProgettoQuarta/src/automobili" StructureKind="resource" NumEvents="18" CreationCount="1531"/><InteractionEvent Delta="null" EndDate="2019-12-13 13:30:50.242 CET" Interest="1.0" Kind="propagation" Navigation="org.eclipse.mylyn.core.model.edges.containment" OriginId="org.eclipse.mylyn.core.model.interest.propagation" StartDate="2019-12-13 13:30:50.242 CET" StructureHandle="=Classe4/src&amp;lt;ioBasic{LeggiFilePlus.java[LeggiFilePlus" StructureKind="java"/><InteractionEvent Delta="null" EndDate="2019-12-20 13:16:15.697 CET" Interest="109.0" Kind="propagation" Navigation="null" OriginId="org.eclipse.jdt.ui.CompilationUnitEditor" StartDate="2019-12-09 09:52:36.966 CET" StructureHandle="/Classe4/src/motorizzazione/Record.java" StructureKind="resource" NumEvents="109" CreationCount="49"/><InteractionEvent Delta="null" EndDate="2019-12-13 13:30:51.597 CET" Interest="3.0" Kind="selection" Navigation="null" OriginId="org.eclipse.jdt.ui.CompilationUnitEditor" StartDate="2019-12-13 13:16:03.129 CET" StructureHandle="=Classe4/src&amp;lt;ioBasic{ScriviFilePlus.java" StructureKind="java" NumEvents="3" CreationCount="156"/><InteractionEvent Delta="null" EndDate="2019-12-13 13:18:04.459 CET" Interest="4.0" Kind="edit" Navigation="null" OriginId="org.eclipse.jdt.ui.CompilationUnitEditor" StartDate="2019-12-13 13:17:53.956 CET" StructureHandle="=Classe4/src&amp;lt;ioBasic{LeggiFile.java" StructureKind="java" NumEvents="4" CreationCount="154"/><InteractionEvent Delta="null" EndDate="2019-12-13 13:30:51.360 CET" Interest="7.0" Kind="selection" Navigation="null" OriginId="org.eclipse.jdt.ui.CompilationUnitEditor" StartDate="2019-12-13 13:15:55.540 CET" StructureHandle="=Classe4/src&amp;lt;ioBasic{LeggiFile.java" StructureKind="java" NumEvents="7" CreationCount="154"/><InteractionEvent Delta="null" EndDate="2019-12-20 13:29:21.497 CET" Interest="8.0" Kind="edit" Navigation="null" OriginId="org.eclipse.jdt.ui.CompilationUnitEditor" StartDate="2019-12-20 13:28:37.63 CET" StructureHandle="=Classe4/src&amp;lt;blundo.giuseppe{Riga.java[Riga~Riga~QProdotto;~I" StructureKind="java" NumEvents="8" CreationCount="869"/><InteractionEvent Delta="null" EndDate="2019-12-20 13:28:36.419 CET" Interest="1.0" Kind="selection" Navigation="null" OriginId="org.eclipse.jdt.ui.CompilationUnitEditor" StartDate="2019-12-20 13:28:36.419 CET" StructureHandle="=Classe4/src&amp;lt;blundo.giuseppe{Riga.java[Riga~Riga~QProdotto;~I" StructureKind="java"/><InteractionEvent Delta="null" EndDate="2019-12-16 14:31:49.768 CET" Interest="5.0" Kind="propagation" Navigation="null" OriginId="org.eclipse.jdt.ui.PackageExplorer" StartDate="2019-12-16 14:31:36.810 CET" StructureHandle="/Classe4/src/razionale/numero/oggetto" StructureKind="resource" NumEvents="5" CreationCount="598"/><InteractionEvent Delta="null" EndDate="2020-01-07 09:43:55.2 CET" Interest="7.0" Kind="selection" Navigation="null" OriginId="org.eclipse.jdt.ui.CompilationUnitEditor" StartDate="2020-01-07 09:41:49.122 CET" StructureHandle="=ProgettoQuarta/src&amp;lt;automobili.motorizzazione.civile{Programma.java" StructureKind="java" NumEvents="7" CreationCount="1531"/><InteractionEvent Delta="null" EndDate="2019-12-13 13:36:02.245 CET" Interest="1.0" Kind="edit" Navigation="null" OriginId="org.eclipse.jdt.ui.CompilationUnitEditor" StartDate="2019-12-13 13:36:02.245 CET" StructureHandle="=Classe4/src&amp;lt;Briatore.Merkel{Struttura.java[Struttura^tipologia" StructureKind="java"/><InteractionEvent Delta="null" EndDate="2019-12-13 13:35:59.591 CET" Interest="1.0" Kind="selection" Navigation="null" OriginId="org.eclipse.jdt.ui.CompilationUnitEditor" StartDate="2019-12-13 13:35:59.591 CET" StructureHandle="=Classe4/src&amp;lt;Briatore.Merkel{Struttura.java[Struttura^tipologia" StructureKind="java"/><InteractionEvent Delta="null" EndDate="2019-12-16 14:31:52.350 CET" Interest="3.734" Kind="propagation" Navigation="org.eclipse.mylyn.core.model.edges.containment" OriginId="org.eclipse.mylyn.core.model.interest.propagation" StartDate="2019-12-16 14:30:43.549 CET" StructureHandle="=Classe4/src&amp;lt;blundo_giuseppe" StructureKind="java" NumEvents="6" CreationCount="586"/><InteractionEvent Delta="null" EndDate="2019-12-16 14:31:11.168 CET" Interest="3.5240002" Kind="manipulation" Navigation="null" OriginId="org.eclipse.mylyn.core.model.interest.decay.correction" StartDate="2019-12-16 14:31:11.168 CET" StructureHandle="=Classe4/src&amp;lt;motorizzazione{Main.java[Main~find" StructureKind="java"/><InteractionEvent Delta="null" EndDate="2019-12-17 10:54:22.450 CET" Interest="11.0" Kind="edit" Navigation="null" OriginId="org.eclipse.jdt.ui.CompilationUnitEditor" StartDate="2019-12-09 09:50:26.397 CET" StructureHandle="=Classe4/src&amp;lt;motorizzazione{Main.java[Main~find" StructureKind="java" NumEvents="11" CreationCount="722"/><InteractionEvent Delta="null" EndDate="2019-12-17 10:12:37.109 CET" Interest="6.0" Kind="selection" Navigation="null" OriginId="org.eclipse.jdt.ui.PackageExplorer" StartDate="2019-12-09 09:50:22.722 CET" StructureHandle="=Classe4/src&amp;lt;motorizzazione{Main.java[Main~find" StructureKind="java" NumEvents="6" CreationCount="284"/><InteractionEvent Delta="null" EndDate="2019-12-13 13:30:51.597 CET" Interest="3.0" Kind="propagation" Navigation="null" OriginId="org.eclipse.jdt.ui.CompilationUnitEditor" StartDate="2019-12-13 13:16:03.129 CET" StructureHandle="/Classe4/src/ioBasic/ScriviFilePlus.java" StructureKind="resource" NumEvents="3" CreationCount="156"/><InteractionEvent Delta="null" EndDate="2019-12-09 09:51:40.314 CET" Interest="8.0" Kind="propagation" Navigation="org.eclipse.mylyn.core.model.edges.containment" OriginId="org.eclipse.mylyn.core.model.interest.propagation" StartDate="2019-12-09 09:49:21.68 CET" StructureHandle="/Classe4/src/interfaccia" StructureKind="resource" NumEvents="8" CreationCount="2"/><InteractionEvent Delta="null" EndDate="2020-01-07 09:40:00.918 CET" Interest="1613.9629" Kind="propagation" Navigation="org.eclipse.mylyn.core.model.edges.containment" OriginId="org.eclipse.mylyn.core.model.interest.propagation" StartDate="2019-12-12 11:20:57.630 CET" StructureHandle="=Classe4" StructureKind="resource" NumEvents="1552" CreationCount="63"/><InteractionEvent Delta="null" EndDate="2019-12-20 13:19:03.54 CET" Interest="9.0" Kind="edit" Navigation="null" OriginId="org.eclipse.jdt.ui.CompilationUnitEditor" StartDate="2019-12-20 13:16:38.341 CET" StructureHandle="=Classe4/src&amp;lt;blundo.giuseppe{Fattura.java[Fattura~remove~QProdotto;" StructureKind="java" NumEvents="9" CreationCount="785"/><InteractionEvent Delta="null" EndDate="2019-12-20 13:16:37.701 CET" Interest="1.0" Kind="selection" Navigation="null" OriginId="org.eclipse.jdt.ui.CompilationUnitEditor" StartDate="2019-12-20 13:16:37.701 CET" StructureHandle="=Classe4/src&amp;lt;blundo.giuseppe{Fattura.java[Fattura~remove~QProdotto;" StructureKind="java"/><InteractionEvent Delta="null" EndDate="2019-12-20 13:16:16.683 CET" Interest="105.831" Kind="propagation" Navigation="org.eclipse.mylyn.core.model.edges.containment" OriginId="org.eclipse.mylyn.core.model.interest.propagation" StartDate="2019-12-09 09:48:44.926 CET" StructureHandle="=Classe4/src&amp;lt;motorizzazione" StructureKind="java" NumEvents="149" CreationCount="1"/><InteractionEvent Delta="null" EndDate="2019-12-20 13:16:11.58 CET" Interest="193.0" Kind="propagation" Navigation="null" OriginId="org.eclipse.jdt.ui.CompilationUnitEditor" StartDate="2019-12-09 09:48:44.925 CET" StructureHandle="/Classe4/src/motorizzazione/Main.java" StructureKind="resource" NumEvents="193" CreationCount="1"/><InteractionEvent Delta="null" EndDate="2019-12-20 13:16:08.467 CET" Interest="3.0" Kind="propagation" Navigation="null" OriginId="org.eclipse.jdt.ui.CompilationUnitEditor" StartDate="2019-12-20 12:17:47.39 CET" StructureHandle="/Classe4/src/data/locale/DataLocale.java" StructureKind="resource" NumEvents="3" CreationCount="758"/><InteractionEvent Delta="null" EndDate="2020-01-07 09:40:00.918 CET" Interest="1615.017" Kind="propagation" Navigation="org.eclipse.mylyn.core.model.edges.containment" OriginId="org.eclipse.mylyn.core.model.interest.propagation" StartDate="2019-12-09 09:48:44.925 CET" StructureHandle="/" StructureKind="resource" NumEvents="1615" CreationCount="1"/><InteractionEvent Delta="null" EndDate="2019-12-20 23:14:30.196 CET" Interest="4.9230003" Kind="manipulation" Navigation="null" OriginId="org.eclipse.mylyn.core.model.interest.decay.correction" StartDate="2019-12-20 13:51:26.906 CET" StructureHandle="=Classe4/src&amp;lt;blundo.giuseppe{Prodotto.java" StructureKind="java" NumEvents="3" CreationCount="760"/><InteractionEvent Delta="null" EndDate="2019-12-20 13:15:59.813 CET" Interest="1.0" Kind="propagation" Navigation="null" OriginId="org.eclipse.mylyn.resources.ui.interest.updater" StartDate="2019-12-20 13:15:59.813 CET" StructureHandle="=Classe4/src&amp;lt;blundo.giuseppe{Prodotto.java" StructureKind="java"/><InteractionEvent Delta="null" EndDate="2019-12-20 23:14:30.196 CET" Interest="9.0" Kind="selection" Navigation="null" OriginId="org.eclipse.jdt.ui.CompilationUnitEditor" StartDate="2019-12-20 13:16:19.671 CET" StructureHandle="=Classe4/src&amp;lt;blundo.giuseppe{Prodotto.java" StructureKind="java" NumEvents="9" CreationCount="760"/><InteractionEvent Delta="null" EndDate="2019-12-20 13:57:37.984 CET" Interest="7.0" Kind="edit" Navigation="null" OriginId="org.eclipse.jdt.ui.CompilationUnitEditor" StartDate="2019-12-20 13:22:29.394 CET" StructureHandle="=Classe4/src&amp;lt;blundo.giuseppe{Fattura.java[Fattura" StructureKind="java" NumEvents="7" CreationCount="785"/><InteractionEvent Delta="null" EndDate="2019-12-20 13:44:29.890 CET" Interest="74.937996" Kind="propagation" Navigation="org.eclipse.mylyn.core.model.edges.containment" OriginId="org.eclipse.mylyn.core.model.interest.propagation" StartDate="2019-12-20 13:16:37.701 CET" StructureHandle="=Classe4/src&amp;lt;blundo.giuseppe{Fattura.java[Fattura" StructureKind="java" NumEvents="107" CreationCount="785"/><InteractionEvent Delta="null" EndDate="2019-12-20 23:11:42.429 CET" Interest="18.0" Kind="selection" Navigation="null" OriginId="org.eclipse.jdt.ui.CompilationUnitEditor" StartDate="2019-12-20 13:22:28.764 CET" StructureHandle="=Classe4/src&amp;lt;blundo.giuseppe{Fattura.java[Fattura" StructureKind="java" NumEvents="18" CreationCount="785"/><InteractionEvent Delta="null" EndDate="2019-12-16 14:31:36.891 CET" Interest="2.0" Kind="propagation" Navigation="org.eclipse.mylyn.core.model.edges.containment" OriginId="org.eclipse.mylyn.core.model.interest.propagation" StartDate="2019-12-16 14:31:36.810 CET" StructureHandle="=Classe4/src&amp;lt;razionale.numero.oggetto" StructureKind="java" NumEvents="2" CreationCount="598"/><InteractionEvent Delta="null" EndDate="2019-12-16 14:31:49.767 CET" Interest="1.0" Kind="selection" Navigation="null" OriginId="org.eclipse.jdt.ui.PackageExplorer" StartDate="2019-12-16 14:31:49.767 CET" StructureHandle="=Classe4/src&amp;lt;razionale.numero.oggetto" StructureKind="java"/><InteractionEvent Delta="null" EndDate="2019-12-16 14:02:49.862 CET" Interest="157.0" Kind="propagation" Navigation="org.eclipse.mylyn.core.model.edges.containment" OriginId="org.eclipse.mylyn.core.model.interest.propagation" StartDate="2019-12-13 13:31:32.167 CET" StructureHandle="/Classe4/src/Briatore" StructureKind="resource" NumEvents="157" CreationCount="191"/><InteractionEvent Delta="null" EndDate="2019-12-13 13:40:05.478 CET" Interest="16.751001" Kind="propagation" Navigation="org.eclipse.mylyn.core.model.edges.containment" OriginId="org.eclipse.mylyn.core.model.interest.propagation" StartDate="2019-12-13 13:35:21.277 CET" StructureHandle="=Classe4/src&amp;lt;Briatore.Merkel{Struttura.java" StructureKind="java" NumEvents="24" CreationCount="239"/><InteractionEvent Delta="null" EndDate="2019-12-16 14:02:49.433 CET" Interest="8.0" Kind="selection" Navigation="null" OriginId="org.eclipse.jdt.ui.CompilationUnitEditor" StartDate="2019-12-13 13:35:21.353 CET" StructureHandle="=Classe4/src&amp;lt;Briatore.Merkel{Struttura.java" StructureKind="java" NumEvents="8" CreationCount="239"/><InteractionEvent Delta="null" EndDate="2019-12-20 23:07:35.165 CET" Interest="93.0" Kind="edit" Navigation="null" OriginId="org.eclipse.jdt.ui.CompilationUnitEditor" StartDate="2019-12-20 13:49:05.959 CET" StructureHandle="=Classe4/src&amp;lt;blundo.giuseppe{Fattura.java[Fattura~list" StructureKind="java" NumEvents="93" CreationCount="1116"/><InteractionEvent Delta="null" EndDate="2019-12-20 23:09:46.396 CET" Interest="12.0" Kind="selection" Navigation="null" OriginId="org.eclipse.jdt.ui.CompilationUnitEditor" StartDate="2019-12-20 13:49:02.871 CET" StructureHandle="=Classe4/src&amp;lt;blundo.giuseppe{Fattura.java[Fattura~list" StructureKind="java" NumEvents="12" CreationCount="1116"/><InteractionEvent Delta="null" EndDate="2019-12-13 13:33:31.479 CET" Interest="1.0" Kind="edit" Navigation="null" OriginId="org.eclipse.jdt.ui.CompilationUnitEditor" StartDate="2019-12-13 13:33:31.479 CET" StructureHandle="=Classe4/src&amp;lt;Briatore.Merkel{Impiegato.java[Impiegato^anzianita" StructureKind="java"/><InteractionEvent Delta="null" EndDate="2019-12-16 14:02:49.861 CET" Interest="9.151" Kind="propagation" Navigation="org.eclipse.mylyn.core.model.edges.containment" OriginId="org.eclipse.mylyn.core.model.interest.propagation" StartDate="2019-12-13 13:43:28.175 CET" StructureHandle="=Classe4/src&amp;lt;Briatore.Merkel{Gruppo.java" StructureKind="java" NumEvents="14" CreationCount="311"/><InteractionEvent Delta="null" EndDate="2019-12-16 14:02:49.840 CET" Interest="3.0" Kind="selection" Navigation="null" OriginId="org.eclipse.jdt.ui.CompilationUnitEditor" StartDate="2019-12-13 13:43:28.211 CET" StructureHandle="=Classe4/src&amp;lt;Briatore.Merkel{Gruppo.java" StructureKind="java" NumEvents="3" CreationCount="311"/><InteractionEvent Delta="null" EndDate="2020-01-07 09:43:53.721 CET" Interest="18.0" Kind="edit" Navigation="null" OriginId="org.eclipse.ui.DefaultTextEditor" StartDate="2020-01-07 09:42:37.894 CET" StructureHandle="/ProgettoQuarta/lista.bin" StructureKind="resource" NumEvents="18" CreationCount="1535"/><InteractionEvent Delta="null" EndDate="2020-01-07 09:44:01.358 CET" Interest="5.0" Kind="selection" Navigation="null" OriginId="org.eclipse.jdt.ui.PackageExplorer" StartDate="2020-01-07 09:42:37.685 CET" StructureHandle="/ProgettoQuarta/lista.bin" StructureKind="resource" NumEvents="5" CreationCount="1535"/><InteractionEvent Delta="null" EndDate="2019-12-20 22:57:08.211 CET" Interest="5.415001" Kind="manipulation" Navigation="null" OriginId="org.eclipse.mylyn.core.model.interest.decay.correction" StartDate="2019-12-20 22:57:08.211 CET" StructureHandle="=Classe4/src&amp;lt;blundo.giuseppe{Main.java" StructureKind="java"/><InteractionEvent Delta="null" EndDate="2019-12-20 23:14:32.111 CET" Interest="151.651" Kind="propagation" Navigation="org.eclipse.mylyn.core.model.edges.containment" OriginId="org.eclipse.mylyn.core.model.interest.propagation" StartDate="2019-12-20 13:15:59.813 CET" StructureHandle="=Classe4/src&amp;lt;blundo.giuseppe{Main.java" StructureKind="java" NumEvents="215" CreationCount="760"/><InteractionEvent Delta="null" EndDate="2020-01-07 09:40:00.917 CET" Interest="9.0" Kind="selection" Navigation="null" OriginId="org.eclipse.jdt.ui.PackageExplorer" StartDate="2019-12-20 13:16:20.672 CET" StructureHandle="=Classe4/src&amp;lt;blundo.giuseppe{Main.java" StructureKind="java" NumEvents="9" CreationCount="1518"/><InteractionEvent Delta="null" EndDate="2019-12-16 14:36:59.987 CET" Interest="7.047001" Kind="manipulation" Navigation="null" OriginId="org.eclipse.mylyn.core.model.interest.decay.correction" StartDate="2019-12-16 14:36:59.987 CET" StructureHandle="/Classe4/src/motorizzazione/Persona.java" StructureKind="resource"/><InteractionEvent Delta="null" EndDate="2019-12-20 13:16:13.841 CET" Interest="7.0" Kind="propagation" Navigation="null" OriginId="org.eclipse.jdt.ui.CompilationUnitEditor" StartDate="2019-12-12 16:35:39.198 CET" StructureHandle="/Classe4/src/motorizzazione/Persona.java" StructureKind="resource" NumEvents="7" CreationCount="395"/><InteractionEvent Delta="null" EndDate="2019-12-20 13:29:31.29 CET" Interest="1.0" Kind="selection" Navigation="null" OriginId="org.eclipse.jdt.ui.CompilationUnitEditor" StartDate="2019-12-20 13:29:31.29 CET" StructureHandle="=Classe4/src&amp;lt;blundo.giuseppe{Riga.java[Riga^quantit!2" StructureKind="java"/><InteractionEvent Delta="null" EndDate="2020-01-07 09:46:43.305 CET" Interest="7.0509996" Kind="propagation" Navigation="org.eclipse.mylyn.core.model.edges.containment" OriginId="org.eclipse.mylyn.core.model.interest.propagation" StartDate="2020-01-07 09:41:31.856 CET" StructureHandle="=ProgettoQuarta/src" StructureKind="java" NumEvents="11" CreationCount="1528"/><InteractionEvent Delta="null" EndDate="2020-01-07 09:41:27.908 CET" Interest="1.0" Kind="selection" Navigation="null" OriginId="org.eclipse.jdt.ui.PackageExplorer" StartDate="2020-01-07 09:41:27.908 CET" StructureHandle="=ProgettoQuarta/src" StructureKind="java"/><InteractionEvent Delta="null" EndDate="2019-12-16 14:35:50.428 CET" Interest="0.37000084" Kind="manipulation" Navigation="null" OriginId="org.eclipse.mylyn.core.model.interest.decay.correction" StartDate="2019-12-16 14:35:50.428 CET" StructureHandle="=Classe4/src&amp;lt;motorizzazione{Auto.java" StructureKind="java"/><InteractionEvent Delta="null" EndDate="2019-12-20 13:16:13.39 CET" Interest="13.0" Kind="selection" Navigation="null" OriginId="org.eclipse.jdt.ui.CompilationUnitEditor" StartDate="2019-12-09 09:52:01.124 CET" StructureHandle="=Classe4/src&amp;lt;motorizzazione{Auto.java" StructureKind="java" NumEvents="13" CreationCount="396"/><InteractionEvent Delta="null" EndDate="2020-01-07 09:40:00.919 CET" Interest="1616.017" Kind="propagation" Navigation="null" OriginId="org.eclipse.jdt.ui.PackageExplorer" StartDate="2019-12-09 09:48:44.925 CET" StructureHandle="/Classe4/src" StructureKind="resource" NumEvents="1617" CreationCount="1"/><InteractionEvent Delta="null" EndDate="2019-12-13 13:17:37.254 CET" Interest="1.0" Kind="edit" Navigation="null" OriginId="org.eclipse.ui.DefaultTextEditor" StartDate="2019-12-13 13:17:37.254 CET" StructureHandle="/Classe4/testo.txt" StructureKind="resource"/><InteractionEvent Delta="null" EndDate="2019-12-13 13:17:46.75 CET" Interest="3.0" Kind="selection" Navigation="null" OriginId="org.eclipse.jdt.ui.PackageExplorer" StartDate="2019-12-13 13:17:37.17 CET" StructureHandle="/Classe4/testo.txt" StructureKind="resource" NumEvents="3" CreationCount="162"/><InteractionEvent Delta="null" EndDate="2019-12-16 14:31:52.350 CET" Interest="7.0" Kind="propagation" Navigation="org.eclipse.mylyn.core.model.edges.containment" OriginId="org.eclipse.mylyn.core.model.interest.propagation" StartDate="2019-12-16 14:30:43.549 CET" StructureHandle="/Classe4/src/blundo_giuseppe" StructureKind="resource" NumEvents="7" CreationCount="586"/><InteractionEvent Delta="null" EndDate="2019-12-20 14:03:08.120 CET" Interest="1.0" Kind="selection" Navigation="null" OriginId="org.eclipse.jdt.ui.CompilationUnitEditor" StartDate="2019-12-20 14:03:08.120 CET" StructureHandle="=Classe4/src&amp;lt;blundo.giuseppe{Fattura.java[Fattura~add~QProdotto;~I" StructureKind="java"/><InteractionEvent Delta="null" EndDate="2020-01-07 09:40:00.918 CET" Interest="817.0" Kind="propagation" Navigation="null" OriginId="org.eclipse.jdt.ui.PackageExplorer" StartDate="2019-12-20 13:15:59.815 CET" StructureHandle="/Classe4/src/blundo/giuseppe" StructureKind="resource" NumEvents="817" CreationCount="760"/><InteractionEvent Delta="null" EndDate="2020-01-07 09:41:43.629 CET" Interest="1.0" Kind="propagation" Navigation="org.eclipse.mylyn.core.model.edges.containment" OriginId="org.eclipse.mylyn.core.model.interest.propagation" StartDate="2020-01-07 09:41:43.629 CET" StructureHandle="/ProgettoQuarta/src/briatore" StructureKind="resource"/><InteractionEvent Delta="null" EndDate="2019-12-13 13:30:55.991 CET" Interest="29.105" Kind="propagation" Navigation="null" OriginId="org.eclipse.jdt.ui.PackageExplorer" StartDate="2019-12-12 16:36:06.203 CET" StructureHandle="/Classe4/src/ioBasic" StructureKind="resource" NumEvents="30" CreationCount="89"/><InteractionEvent Delta="null" EndDate="2019-12-13 13:39:16.127 CET" Interest="21.0" Kind="edit" Navigation="null" OriginId="org.eclipse.jdt.ui.CompilationUnitEditor" StartDate="2019-12-13 13:38:10.951 CET" StructureHandle="=Classe4/src&amp;lt;Briatore.Merkel{Impiegato.java[Impiegato~stipendioMensile" StructureKind="java" NumEvents="21" CreationCount="270"/><InteractionEvent Delta="null" EndDate="2019-12-13 13:41:09.460 CET" Interest="2.0" Kind="selection" Navigation="null" OriginId="org.eclipse.jdt.ui.CompilationUnitEditor" StartDate="2019-12-13 13:37:57.14 CET" StructureHandle="=Classe4/src&amp;lt;Briatore.Merkel{Impiegato.java[Impiegato~stipendioMensile" StructureKind="java" NumEvents="2" CreationCount="270"/><InteractionEvent Delta="null" EndDate="2020-01-07 09:43:55.15 CET" Interest="4.0" Kind="edit" Navigation="null" OriginId="org.eclipse.jdt.ui.CompilationUnitEditor" StartDate="2020-01-07 09:43:12.795 CET" StructureHandle="=ProgettoQuarta/src&amp;lt;automobili.motorizzazione.civile{Programma.java[Programma~main~\[QString;" StructureKind="java" NumEvents="4" CreationCount="1539"/><InteractionEvent Delta="null" EndDate="2020-01-07 09:43:07.528 CET" Interest="1.0" Kind="selection" Navigation="null" OriginId="org.eclipse.jdt.ui.CompilationUnitEditor" StartDate="2020-01-07 09:43:07.528 CET" StructureHandle="=ProgettoQuarta/src&amp;lt;automobili.motorizzazione.civile{Programma.java[Programma~main~\[QString;" StructureKind="java"/><InteractionEvent Delta="null" EndDate="2019-12-20 13:16:15.697 CET" Interest="22.295998" Kind="propagation" Navigation="org.eclipse.mylyn.core.model.edges.containment" OriginId="org.eclipse.mylyn.core.model.interest.propagation" StartDate="2019-12-12 11:20:57.630 CET" StructureHandle="=Classe4/src&amp;lt;motorizzazione{Record.java" StructureKind="java" NumEvents="16" CreationCount="63"/><InteractionEvent Delta="null" EndDate="2019-12-20 13:16:14.985 CET" Interest="18.0" Kind="selection" Navigation="null" OriginId="org.eclipse.jdt.ui.CompilationUnitEditor" StartDate="2019-12-12 11:24:33.552 CET" StructureHandle="=Classe4/src&amp;lt;motorizzazione{Record.java" StructureKind="java" NumEvents="18" CreationCount="63"/><InteractionEvent Delta="null" EndDate="2019-12-13 13:40:05.477 CET" Interest="21.0" Kind="edit" Navigation="null" OriginId="org.eclipse.jdt.ui.CompilationUnitEditor" StartDate="2019-12-13 13:35:26.389 CET" StructureHandle="=Classe4/src&amp;lt;Briatore.Merkel{Struttura.java[Struttura" StructureKind="java" NumEvents="21" CreationCount="242"/><InteractionEvent Delta="null" EndDate="2019-12-13 13:55:29.59 CET" Interest="7.0" Kind="selection" Navigation="null" OriginId="org.eclipse.jdt.ui.CompilationUnitEditor" StartDate="2019-12-13 13:35:25.223 CET" StructureHandle="=Classe4/src&amp;lt;Briatore.Merkel{Struttura.java[Struttura" StructureKind="java" NumEvents="7" CreationCount="242"/><InteractionEvent Delta="null" EndDate="2019-12-13 13:18:43.918 CET" Interest="2.0" Kind="edit" Navigation="null" OriginId="org.eclipse.jdt.ui.CompilationUnitEditor" StartDate="2019-12-13 13:18:43.436 CET" StructureHandle="=Classe4/src&amp;lt;ioBasic{ScriviFile.java" StructureKind="java" NumEvents="2" CreationCount="158"/><InteractionEvent Delta="null" EndDate="2019-12-13 13:30:50.932 CET" Interest="5.0" Kind="selection" Navigation="null" OriginId="org.eclipse.jdt.ui.CompilationUnitEditor" StartDate="2019-12-13 13:16:04.780 CET" StructureHandle="=Classe4/src&amp;lt;ioBasic{ScriviFile.java" StructureKind="java" NumEvents="5" CreationCount="158"/><InteractionEvent Delta="null" EndDate="2019-12-16 14:21:48.906 CET" Interest="5.0" Kind="edit" Navigation="null" OriginId="org.eclipse.jdt.ui.CompilationUnitEditor" StartDate="2019-12-16 14:17:19.384 CET" StructureHandle="=Classe4/src&amp;lt;motorizzazione{Record.java[Record~Record~QPersona;~QAuto;" StructureKind="java" NumEvents="5" CreationCount="354"/><InteractionEvent Delta="null" EndDate="2019-12-16 14:24:54.866 CET" Interest="5.0" Kind="selection" Navigation="null" OriginId="org.eclipse.jdt.ui.CompilationUnitEditor" StartDate="2019-12-16 14:17:17.533 CET" StructureHandle="=Classe4/src&amp;lt;motorizzazione{Record.java[Record~Record~QPersona;~QAuto;" StructureKind="java" NumEvents="5" CreationCount="354"/><InteractionEvent Delta="null" EndDate="2020-01-07 09:43:55.16 CET" Interest="3.8" Kind="propagation" Navigation="org.eclipse.mylyn.core.model.edges.containment" OriginId="org.eclipse.mylyn.core.model.interest.propagation" StartDate="2020-01-07 09:43:07.529 CET" StructureHandle="=ProgettoQuarta/src&amp;lt;automobili.motorizzazione.civile{Programma.java[Programma" StructureKind="java" NumEvents="5" CreationCount="1539"/><InteractionEvent Delta="null" EndDate="2019-12-16 14:02:47.789 CET" Interest="88.0" Kind="propagation" Navigation="null" OriginId="org.eclipse.jdt.ui.CompilationUnitEditor" StartDate="2019-12-13 13:32:12.684 CET" StructureHandle="/Classe4/src/Briatore/Merkel/Impiegato.java" StructureKind="resource" NumEvents="88" CreationCount="192"/><InteractionEvent Delta="null" EndDate="2019-12-16 14:02:49.861 CET" Interest="22.0" Kind="propagation" Navigation="null" OriginId="org.eclipse.jdt.ui.CompilationUnitEditor" StartDate="2019-12-13 13:43:28.175 CET" StructureHandle="/Classe4/src/Briatore/Merkel/Gruppo.java" StructureKind="resource" NumEvents="22" CreationCount="311"/><InteractionEvent Delta="null" EndDate="2019-12-16 14:35:50.428 CET" Interest="0.38700104" Kind="manipulation" Navigation="null" OriginId="org.eclipse.mylyn.core.model.interest.decay.correction" StartDate="2019-12-16 14:35:50.428 CET" StructureHandle="/Classe4/src/motorizzazione/Auto.java" StructureKind="resource"/><InteractionEvent Delta="null" EndDate="2019-12-20 13:16:13.39 CET" Interest="13.0" Kind="propagation" Navigation="null" OriginId="org.eclipse.jdt.ui.CompilationUnitEditor" StartDate="2019-12-09 09:52:01.125 CET" StructureHandle="/Classe4/src/motorizzazione/Auto.java" StructureKind="resource" NumEvents="13" CreationCount="588"/><InteractionEvent Delta="null" EndDate="2019-12-13 13:30:51.383 CET" Interest="14.0" Kind="propagation" Navigation="null" OriginId="org.eclipse.jdt.ui.CompilationUnitEditor" StartDate="2019-12-13 13:15:55.540 CET" StructureHandle="/Classe4/src/ioBasic/LeggiFile.java" StructureKind="resource" NumEvents="14" CreationCount="154"/><InteractionEvent Delta="null" EndDate="2019-12-13 13:17:55.207 CET" Interest="1.0" Kind="selection" Navigation="null" OriginId="org.eclipse.jdt.ui.CompilationUnitEditor" StartDate="2019-12-13 13:17:55.207 CET" StructureHandle="=Classe4/src&amp;lt;ioBasic{LeggiFile.java#java.io.*" StructureKind="java"/><InteractionEvent Delta="null" EndDate="2019-12-20 23:14:28.654 CET" Interest="11.070001" Kind="propagation" Navigation="org.eclipse.mylyn.core.model.edges.containment" OriginId="org.eclipse.mylyn.core.model.interest.propagation" StartDate="2019-12-20 13:28:36.419 CET" StructureHandle="=Classe4/src&amp;lt;blundo.giuseppe{Riga.java[Riga" StructureKind="java" NumEvents="10" CreationCount="868"/><InteractionEvent Delta="null" EndDate="2019-12-20 13:29:58.321 CET" Interest="2.0" Kind="selection" Navigation="null" OriginId="org.eclipse.jdt.ui.CompilationUnitEditor" StartDate="2019-12-20 13:28:11.716 CET" StructureHandle="=Classe4/src&amp;lt;blundo.giuseppe{Riga.java[Riga" StructureKind="java" NumEvents="2" CreationCount="868"/><InteractionEvent Delta="null" EndDate="2019-12-20 23:14:07.442 CET" Interest="117.0" Kind="edit" Navigation="null" OriginId="org.eclipse.jdt.ui.CompilationUnitEditor" StartDate="2019-12-20 13:33:19.824 CET" StructureHandle="=Classe4/src&amp;lt;blundo.giuseppe{Fattura.java[Fattura~qtiva" StructureKind="java" NumEvents="117" CreationCount="956"/><InteractionEvent Delta="null" EndDate="2019-12-20 23:11:55.899 CET" Interest="9.0" Kind="selection" Navigation="null" OriginId="org.eclipse.jdt.ui.CompilationUnitEditor" StartDate="2019-12-20 13:33:19.13 CET" StructureHandle="=Classe4/src&amp;lt;blundo.giuseppe{Fattura.java[Fattura~qtiva" StructureKind="java" NumEvents="9" CreationCount="956"/><InteractionEvent Delta="null" EndDate="2020-01-07 09:46:43.305 CET" Interest="18.0" Kind="propagation" Navigation="null" OriginId="org.eclipse.jdt.ui.PackageExplorer" StartDate="2020-01-07 09:41:49.122 CET" StructureHandle="/ProgettoQuarta/src/automobili/motorizzazione/civile" StructureKind="resource" NumEvents="18" CreationCount="1531"/><InteractionEvent Delta="null" EndDate="2019-12-13 13:36:25.889 CET" Interest="1.0" Kind="edit" Navigation="null" OriginId="org.eclipse.jdt.ui.CompilationUnitEditor" StartDate="2019-12-13 13:36:25.889 CET" StructureHandle="=Classe4/src&amp;lt;Briatore.Merkel{Struttura.java[Struttura^sede" StructureKind="java"/><InteractionEvent Delta="null" EndDate="2019-12-13 13:39:52.743 CET" Interest="2.0" Kind="selection" Navigation="null" OriginId="org.eclipse.jdt.ui.CompilationUnitEditor" StartDate="2019-12-13 13:36:25.125 CET" StructureHandle="=Classe4/src&amp;lt;Briatore.Merkel{Struttura.java[Struttura^sede" StructureKind="java" NumEvents="2" CreationCount="259"/><InteractionEvent Delta="null" EndDate="2019-12-09 09:51:40.303 CET" Interest="3.417" Kind="propagation" Navigation="org.eclipse.mylyn.core.model.edges.containment" OriginId="org.eclipse.mylyn.core.model.interest.propagation" StartDate="2019-12-09 09:49:21.68 CET" StructureHandle="=Classe4/src&amp;lt;interfaccia.prova" StructureKind="java" NumEvents="5" CreationCount="2"/><InteractionEvent Delta="null" EndDate="2019-12-12 16:35:42.406 CET" Interest="1.0" Kind="selection" Navigation="null" OriginId="org.eclipse.jdt.ui.PackageExplorer" StartDate="2019-12-12 16:35:42.406 CET" StructureHandle="=Classe4/src&amp;lt;eccezioni" StructureKind="java"/><InteractionEvent Delta="null" EndDate="2019-12-09 09:49:28.54 CET" Interest="1.0" Kind="edit" Navigation="null" OriginId="org.eclipse.jdt.ui.CompilationUnitEditor" StartDate="2019-12-09 09:49:28.54 CET" StructureHandle="=Classe4/src&amp;lt;interfaccia.prova{Prova.java[Prova~next" StructureKind="java"/><InteractionEvent Delta="null" EndDate="2019-12-09 09:51:40.314 CET" Interest="2.0" Kind="selection" Navigation="null" OriginId="org.eclipse.jdt.ui.CompilationUnitEditor" StartDate="2019-12-09 09:49:27.253 CET" StructureHandle="=Classe4/src&amp;lt;interfaccia.prova{Prova.java[Prova~next" StructureKind="java" NumEvents="2" CreationCount="6"/><InteractionEvent Delta="null" EndDate="2019-12-16 14:31:52.350 CET" Interest="7.0" Kind="propagation" Navigation="null" OriginId="org.eclipse.jdt.ui.CompilationUnitEditor" StartDate="2019-12-16 14:30:43.549 CET" StructureHandle="/Classe4/src/blundo_giuseppe/Prova.java" StructureKind="resource" NumEvents="7" CreationCount="586"/><InteractionEvent Delta="null" EndDate="2019-12-13 13:21:55.729 CET" Interest="4.0" Kind="selection" Navigation="null" OriginId="org.eclipse.jdt.ui.CompilationUnitEditor" StartDate="2019-12-12 16:36:06.203 CET" StructureHandle="=Classe4/src&amp;lt;ioBasic{LeggiFilePlus.java" StructureKind="java" NumEvents="4" CreationCount="89"/><InteractionEvent Delta="null" EndDate="2019-12-20 13:16:15.697 CET" Interest="25.0" Kind="edit" Navigation="null" OriginId="org.eclipse.jdt.ui.CompilationUnitEditor" StartDate="2019-12-09 09:52:43.411 CET" StructureHandle="=Classe4/src&amp;lt;motorizzazione{Record.java[Record" StructureKind="java" NumEvents="25" CreationCount="51"/><InteractionEvent Delta="null" EndDate="2019-12-20 13:16:15.2 CET" Interest="23.0" Kind="selection" Navigation="null" OriginId="org.eclipse.jdt.ui.CompilationUnitEditor" StartDate="2019-12-09 09:52:42.502 CET" StructureHandle="=Classe4/src&amp;lt;motorizzazione{Record.java[Record" StructureKind="java" NumEvents="23" CreationCount="51"/><InteractionEvent Delta="null" EndDate="2020-01-07 09:40:00.918 CET" Interest="178.952" Kind="propagation" Navigation="org.eclipse.mylyn.core.model.edges.containment" OriginId="org.eclipse.mylyn.core.model.interest.propagation" StartDate="2019-12-20 13:15:59.812 CET" StructureHandle="=Classe4/src&amp;lt;blundo.giuseppe" StructureKind="java" NumEvents="231" CreationCount="760"/><InteractionEvent Delta="null" EndDate="2020-01-07 09:44:27.77 CET" Interest="2.4" Kind="propagation" Navigation="org.eclipse.mylyn.core.model.edges.containment" OriginId="org.eclipse.mylyn.core.model.interest.propagation" StartDate="2020-01-07 09:44:22.373 CET" StructureHandle="=ProgettoQuarta/src&amp;lt;automobili.motorizzazione.civile{Archivio.java[Archivio" StructureKind="java" NumEvents="3" CreationCount="1568"/><InteractionEvent Delta="null" EndDate="2020-01-07 09:44:27.77 CET" Interest="5.0" Kind="propagation" Navigation="null" OriginId="org.eclipse.jdt.ui.CompilationUnitEditor" StartDate="2020-01-07 09:44:01.423 CET" StructureHandle="/ProgettoQuarta/src/automobili/motorizzazione/civile/Archivio.java" StructureKind="resource" NumEvents="5" CreationCount="1566"/><InteractionEvent Delta="null" EndDate="2019-12-20 13:16:08.467 CET" Interest="3.0" Kind="selection" Navigation="null" OriginId="org.eclipse.jdt.ui.CompilationUnitEditor" StartDate="2019-12-20 12:17:47.39 CET" StructureHandle="=Classe4/src&amp;lt;data.locale{DataLocale.java" StructureKind="java" NumEvents="3" CreationCount="758"/><InteractionEvent Delta="null" EndDate="2019-12-12 16:35:42.406 CET" Interest="1.0" Kind="propagation" Navigation="null" OriginId="org.eclipse.jdt.ui.PackageExplorer" StartDate="2019-12-12 16:35:42.406 CET" StructureHandle="/Classe4/src/eccezioni" StructureKind="resource"/><InteractionEvent Delta="null" EndDate="2019-12-20 13:29:29.518 CET" Interest="5.0" Kind="edit" Navigation="null" OriginId="org.eclipse.jdt.ui.CompilationUnitEditor" StartDate="2019-12-20 13:29:24.827 CET" StructureHandle="=Classe4/src&amp;lt;blundo.giuseppe{Riga.java[Riga|2" StructureKind="java" NumEvents="5" CreationCount="878"/><InteractionEvent Delta="null" EndDate="2019-12-20 13:29:23.571 CET" Interest="1.0" Kind="selection" Navigation="null" OriginId="org.eclipse.jdt.ui.CompilationUnitEditor" StartDate="2019-12-20 13:29:23.571 CET" StructureHandle="=Classe4/src&amp;lt;blundo.giuseppe{Riga.java[Riga|2" StructureKind="java"/><InteractionEvent Delta="null" EndDate="2019-12-20 13:29:37.349 CET" Interest="2.0" Kind="edit" Navigation="null" OriginId="org.eclipse.jdt.ui.CompilationUnitEditor" StartDate="2019-12-20 13:29:36.183 CET" StructureHandle="=Classe4/src&amp;lt;blundo.giuseppe{Riga.java[Riga|1" StructureKind="java" NumEvents="2" CreationCount="887"/><InteractionEvent Delta="null" EndDate="2019-12-20 13:29:34.534 CET" Interest="1.0" Kind="selection" Navigation="null" OriginId="org.eclipse.jdt.ui.CompilationUnitEditor" StartDate="2019-12-20 13:29:34.534 CET" StructureHandle="=Classe4/src&amp;lt;blundo.giuseppe{Riga.java[Riga|1" StructureKind="java"/><InteractionEvent Delta="null" EndDate="2019-12-09 09:51:40.314 CET" Interest="8.0" Kind="propagation" Navigation="org.eclipse.mylyn.core.model.edges.containment" OriginId="org.eclipse.mylyn.core.model.interest.propagation" StartDate="2019-12-09 09:49:21.68 CET" StructureHandle="/Classe4/src/interfaccia/prova" StructureKind="resource" NumEvents="8" CreationCount="2"/><InteractionEvent Delta="null" EndDate="2019-12-13 13:31:32.167 CET" Interest="1.0" Kind="propagation" Navigation="null" OriginId="org.eclipse.mylyn.resources.ui.interest.updater" StartDate="2019-12-13 13:31:32.167 CET" StructureHandle="=Classe4/src&amp;lt;Briatore" StructureKind="java"/><InteractionEvent Delta="null" EndDate="2019-12-20 13:29:52.461 CET" Interest="2.0" Kind="selection" Navigation="null" OriginId="org.eclipse.jdt.ui.CompilationUnitEditor" StartDate="2019-12-20 13:29:38.891 CET" StructureHandle="=Classe4/src&amp;lt;blundo.giuseppe{Riga.java[Riga^setQt" StructureKind="java" NumEvents="2" CreationCount="890"/><InteractionEvent Delta="null" EndDate="2019-12-13 13:17:55.207 CET" Interest="1.0" Kind="propagation" Navigation="org.eclipse.mylyn.core.model.edges.containment" OriginId="org.eclipse.mylyn.core.model.interest.propagation" StartDate="2019-12-13 13:17:55.207 CET" StructureHandle="=Classe4/src&amp;lt;ioBasic{LeggiFile.java#" StructureKind="java"/><InteractionEvent Delta="null" EndDate="2019-12-20 23:14:07.442 CET" Interest="532.0" Kind="propagation" Navigation="null" OriginId="org.eclipse.jdt.ui.CompilationUnitEditor" StartDate="2019-12-20 13:15:59.820 CET" StructureHandle="/Classe4/src/blundo/giuseppe/Fattura.java" StructureKind="resource" NumEvents="532" CreationCount="760"/><InteractionEvent Delta="null" EndDate="2019-12-09 09:49:24.972 CET" Interest="1.417" Kind="propagation" Navigation="org.eclipse.mylyn.core.model.edges.containment" OriginId="org.eclipse.mylyn.core.model.interest.propagation" StartDate="2019-12-09 09:49:21.657 CET" StructureHandle="=Classe4/src&amp;lt;interfaccia.prova{Prova.java" StructureKind="java" NumEvents="3" CreationCount="2"/><InteractionEvent Delta="null" EndDate="2019-12-09 09:51:40.303 CET" Interest="2.0" Kind="selection" Navigation="null" OriginId="org.eclipse.jdt.ui.CompilationUnitEditor" StartDate="2019-12-09 09:49:21.68 CET" StructureHandle="=Classe4/src&amp;lt;interfaccia.prova{Prova.java" StructureKind="java" NumEvents="2" CreationCount="2"/><InteractionEvent Delta="null" EndDate="2019-12-20 22:43:15.997 CET" Interest="92.263" Kind="propagation" Navigation="org.eclipse.mylyn.core.model.edges.containment" OriginId="org.eclipse.mylyn.core.model.interest.propagation" StartDate="2019-12-20 13:15:59.815 CET" StructureHandle="=Classe4/src&amp;lt;blundo.giuseppe{Fattura.java" StructureKind="java" NumEvents="130" CreationCount="760"/><InteractionEvent Delta="null" EndDate="2019-12-20 23:07:13.298 CET" Interest="6.0" Kind="selection" Navigation="null" OriginId="org.eclipse.jdt.ui.CompilationUnitEditor" StartDate="2019-12-20 13:16:21.618 CET" StructureHandle="=Classe4/src&amp;lt;blundo.giuseppe{Fattura.java" StructureKind="java" NumEvents="6" CreationCount="760"/><InteractionEvent Delta="null" EndDate="2019-12-13 13:33:29.558 CET" Interest="2.0" Kind="selection" Navigation="null" OriginId="org.eclipse.jdt.ui.CompilationUnitEditor" StartDate="2019-12-13 13:33:27.853 CET" StructureHandle="=Classe4/src&amp;lt;Briatore.Merkel{Impiegato.java[Impiegato^anziani" StructureKind="java" NumEvents="2" CreationCount="216"/><InteractionEvent Delta="null" EndDate="2019-12-16 14:28:13.920 CET" Interest="64.0" Kind="edit" Navigation="null" OriginId="org.eclipse.jdt.ui.CompilationUnitEditor" StartDate="2019-12-13 11:42:21.829 CET" StructureHandle="=Classe4/src&amp;lt;motorizzazione{Archivio.java" StructureKind="java" NumEvents="64" CreationCount="40"/><InteractionEvent Delta="null" EndDate="2019-12-20 13:16:16.683 CET" Interest="31.367998" Kind="propagation" Navigation="org.eclipse.mylyn.core.model.edges.containment" OriginId="org.eclipse.mylyn.core.model.interest.propagation" StartDate="2019-12-09 09:52:10.188 CET" StructureHandle="=Classe4/src&amp;lt;motorizzazione{Archivio.java" StructureKind="java" NumEvents="50" CreationCount="40"/><InteractionEvent Delta="null" EndDate="2019-12-20 13:16:15.965 CET" Interest="29.0" Kind="selection" Navigation="null" OriginId="org.eclipse.jdt.ui.CompilationUnitEditor" StartDate="2019-12-09 09:52:03.81 CET" StructureHandle="=Classe4/src&amp;lt;motorizzazione{Archivio.java" StructureKind="java" NumEvents="29" CreationCount="40"/><InteractionEvent Delta="null" EndDate="2019-12-13 13:34:00.275 CET" Interest="4.0" Kind="edit" Navigation="null" OriginId="org.eclipse.jdt.ui.CompilationUnitEditor" StartDate="2019-12-13 13:33:55.125 CET" StructureHandle="=Classe4/src&amp;lt;Briatore.Merkel{Impiegato.java[Impiegato^stipendioBase" StructureKind="java" NumEvents="4" CreationCount="223"/><InteractionEvent Delta="null" EndDate="2019-12-13 13:34:25.720 CET" Interest="2.0" Kind="selection" Navigation="null" OriginId="org.eclipse.jdt.ui.CompilationUnitEditor" StartDate="2019-12-13 13:33:50.584 CET" StructureHandle="=Classe4/src&amp;lt;Briatore.Merkel{Impiegato.java[Impiegato^stipendioBase" StructureKind="java" NumEvents="2" CreationCount="223"/><InteractionEvent Delta="null" EndDate="2019-12-16 14:32:32.63 CET" Interest="1.2850003" Kind="manipulation" Navigation="null" OriginId="org.eclipse.mylyn.core.model.interest.decay.correction" StartDate="2019-12-16 14:32:32.63 CET" StructureHandle="=Classe4/src&amp;lt;motorizzazione{Main.java[Main~saving" StructureKind="java"/><InteractionEvent Delta="null" EndDate="2019-12-17 10:55:27.913 CET" Interest="35.0" Kind="edit" Navigation="null" OriginId="org.eclipse.jdt.ui.CompilationUnitEditor" StartDate="2019-12-09 09:49:46.404 CET" StructureHandle="=Classe4/src&amp;lt;motorizzazione{Main.java[Main~saving" StructureKind="java" NumEvents="35" CreationCount="342"/><InteractionEvent Delta="null" EndDate="2019-12-20 13:16:11.57 CET" Interest="6.0" Kind="selection" Navigation="null" OriginId="org.eclipse.jdt.ui.CompilationUnitEditor" StartDate="2019-12-09 09:49:37.189 CET" StructureHandle="=Classe4/src&amp;lt;motorizzazione{Main.java[Main~saving" StructureKind="java" NumEvents="6" CreationCount="715"/><InteractionEvent Delta="null" EndDate="2019-12-16 14:30:21.153 CET" Interest="1.0" Kind="selection" Navigation="null" OriginId="org.eclipse.jdt.ui.CompilationUnitEditor" StartDate="2019-12-16 14:30:21.153 CET" StructureHandle="=Classe4/src&amp;lt;motorizzazione{Archivio.java[Archivio^archivio" StructureKind="java"/><InteractionEvent Delta="null" EndDate="2019-12-20 23:14:28.654 CET" Interest="8.492001" Kind="manipulation" Navigation="null" OriginId="org.eclipse.mylyn.core.model.interest.decay.correction" StartDate="2019-12-20 13:50:35.909 CET" StructureHandle="=Classe4/src&amp;lt;blundo.giuseppe{Riga.java[Riga^qt" StructureKind="java" NumEvents="2" CreationCount="902"/><InteractionEvent Delta="null" EndDate="2019-12-20 13:29:32.723 CET" Interest="1.0" Kind="edit" Navigation="null" OriginId="org.eclipse.jdt.ui.CompilationUnitEditor" StartDate="2019-12-20 13:29:32.723 CET" StructureHandle="=Classe4/src&amp;lt;blundo.giuseppe{Riga.java[Riga^qt" StructureKind="java"/><InteractionEvent Delta="null" EndDate="2019-12-20 23:14:28.654 CET" Interest="4.0" Kind="selection" Navigation="null" OriginId="org.eclipse.jdt.ui.CompilationUnitEditor" StartDate="2019-12-20 13:30:11.113 CET" StructureHandle="=Classe4/src&amp;lt;blundo.giuseppe{Riga.java[Riga^qt" StructureKind="java" NumEvents="4" CreationCount="902"/><InteractionEvent Delta="null" EndDate="2019-12-16 14:02:49.862 CET" Interest="157.0" Kind="propagation" Navigation="null" OriginId="org.eclipse.jdt.ui.CompilationUnitEditor" StartDate="2019-12-13 13:31:32.167 CET" StructureHandle="/Classe4/src/Briatore/Merkel" StructureKind="resource" NumEvents="157" CreationCount="191"/><InteractionEvent Delta="null" EndDate="2020-01-07 09:41:43.629 CET" Interest="1.0" Kind="selection" Navigation="null" OriginId="org.eclipse.jdt.ui.PackageExplorer" StartDate="2020-01-07 09:41:43.629 CET" StructureHandle="=ProgettoQuarta/src&amp;lt;briatore.merkel" StructureKind="java"/><InteractionEvent Delta="null" EndDate="2019-12-20 13:16:16.683 CET" Interest="262.0" Kind="propagation" Navigation="null" OriginId="org.eclipse.jdt.ui.CompilationUnitEditor" StartDate="2019-12-09 09:52:03.81 CET" StructureHandle="/Classe4/src/motorizzazione/Archivio.java" StructureKind="resource" NumEvents="262" CreationCount="40"/><InteractionEvent Delta="null" EndDate="2019-12-16 14:30:46.238 CET" Interest="1.0" Kind="propagation" Navigation="org.eclipse.mylyn.core.model.edges.containment" OriginId="org.eclipse.mylyn.core.model.interest.propagation" StartDate="2019-12-16 14:30:46.238 CET" StructureHandle="=Classe4/src&amp;lt;blundo_giuseppe{Prova.java[Prova" StructureKind="java"/><InteractionEvent Delta="null" EndDate="2019-12-16 14:30:47.532 CET" Interest="1.0" Kind="selection" Navigation="null" OriginId="org.eclipse.jdt.ui.CompilationUnitEditor" StartDate="2019-12-16 14:30:47.532 CET" StructureHandle="=Classe4/src&amp;lt;blundo_giuseppe{Prova.java[Prova" StructureKind="java"/><InteractionEvent Delta="null" EndDate="2019-12-09 09:51:15.63 CET" Interest="3.0" Kind="selection" Navigation="null" OriginId="org.eclipse.jdt.ui.CompilationUnitEditor" StartDate="2019-12-09 09:48:44.924 CET" StructureHandle="=Classe4/src&amp;lt;motorizzazione{Main.java[Main~debug" StructureKind="java" NumEvents="3" CreationCount="1"/><InteractionEvent Delta="null" EndDate="2019-12-20 23:14:32.111 CET" Interest="154.59999" Kind="propagation" Navigation="org.eclipse.mylyn.core.model.edges.containment" OriginId="org.eclipse.mylyn.core.model.interest.propagation" StartDate="2019-12-20 22:57:10.879 CET" StructureHandle="=Classe4/src&amp;lt;blundo.giuseppe{Main.java[Main" StructureKind="java" NumEvents="217" CreationCount="1258"/><InteractionEvent Delta="null" EndDate="2019-12-16 14:30:50.301 CET" Interest="1.0" Kind="selection" Navigation="null" OriginId="org.eclipse.jdt.ui.CompilationUnitEditor" StartDate="2019-12-16 14:30:50.301 CET" StructureHandle="=Classe4/src&amp;lt;blundo_giuseppe{Prova.java#java.io.*" StructureKind="java"/><InteractionEvent Delta="null" EndDate="2020-01-07 09:46:43.305 CET" Interest="18.050999" Kind="propagation" Navigation="org.eclipse.mylyn.core.model.edges.containment" OriginId="org.eclipse.mylyn.core.model.interest.propagation" StartDate="2020-01-07 09:41:27.908 CET" StructureHandle="=ProgettoQuarta" StructureKind="resource" NumEvents="25" CreationCount="1528"/><InteractionEvent Delta="null" EndDate="2020-01-07 09:46:43.305 CET" Interest="18.0" Kind="propagation" Navigation="org.eclipse.mylyn.core.model.edges.containment" OriginId="org.eclipse.mylyn.core.model.interest.propagation" StartDate="2020-01-07 09:41:49.122 CET" StructureHandle="/ProgettoQuarta/src/automobili/motorizzazione" StructureKind="resource" NumEvents="18" CreationCount="1531"/><InteractionEvent Delta="null" EndDate="2019-12-13 13:33:06.509 CET" Interest="1.0" Kind="selection" Navigation="null" OriginId="org.eclipse.jdt.ui.CompilationUnitEditor" StartDate="2019-12-13 13:33:06.509 CET" StructureHandle="=Classe4/src&amp;lt;Briatore.Merkel{Impiegato.java[Impiegato^nazionalita" StructureKind="java"/><InteractionEvent Delta="null" EndDate="2019-12-16 14:36:59.987 CET" Interest="7.0300007" Kind="manipulation" Navigation="null" OriginId="org.eclipse.mylyn.core.model.interest.decay.correction" StartDate="2019-12-16 14:36:59.987 CET" StructureHandle="=Classe4/src&amp;lt;motorizzazione{Persona.java" StructureKind="java"/><InteractionEvent Delta="null" EndDate="2019-12-20 13:16:13.841 CET" Interest="7.0" Kind="selection" Navigation="null" OriginId="org.eclipse.jdt.ui.CompilationUnitEditor" StartDate="2019-12-12 16:35:39.198 CET" StructureHandle="=Classe4/src&amp;lt;motorizzazione{Persona.java" StructureKind="java" NumEvents="7" CreationCount="374"/><InteractionEvent Delta="null" EndDate="2019-12-20 23:14:28.643 CET" Interest="2.4360008" Kind="manipulation" Navigation="null" OriginId="org.eclipse.mylyn.core.model.interest.decay.correction" StartDate="2019-12-20 23:14:28.643 CET" StructureHandle="=Classe4/src&amp;lt;blundo.giuseppe{Riga.java" StructureKind="java"/><InteractionEvent Delta="null" EndDate="2019-12-20 23:14:28.654 CET" Interest="4.4699993" Kind="propagation" Navigation="org.eclipse.mylyn.core.model.edges.containment" OriginId="org.eclipse.mylyn.core.model.interest.propagation" StartDate="2019-12-20 13:15:59.814 CET" StructureHandle="=Classe4/src&amp;lt;blundo.giuseppe{Riga.java" StructureKind="java" NumEvents="7" CreationCount="760"/><InteractionEvent Delta="null" EndDate="2019-12-20 23:14:28.643 CET" Interest="8.0" Kind="selection" Navigation="null" OriginId="org.eclipse.jdt.ui.CompilationUnitEditor" StartDate="2019-12-20 13:16:06.238 CET" StructureHandle="=Classe4/src&amp;lt;blundo.giuseppe{Riga.java" StructureKind="java" NumEvents="8" CreationCount="760"/><InteractionEvent Delta="null" EndDate="2019-12-13 13:32:53.229 CET" Interest="1.0" Kind="selection" Navigation="null" OriginId="org.eclipse.jdt.ui.CompilationUnitEditor" StartDate="2019-12-13 13:32:53.229 CET" StructureHandle="=Classe4/src&amp;lt;Briatore.Merkel{Impiegato.java[Impiegato^n" StructureKind="java"/><InteractionEvent Delta="null" EndDate="2019-12-20 13:16:16.683 CET" Interest="584.0" Kind="propagation" Navigation="null" OriginId="org.eclipse.jdt.ui.CompilationUnitEditor" StartDate="2019-12-09 09:48:44.925 CET" StructureHandle="/Classe4/src/motorizzazione" StructureKind="resource" NumEvents="584" CreationCount="1"/><InteractionEvent Delta="null" EndDate="2020-01-07 09:41:43.629 CET" Interest="1.0" Kind="propagation" Navigation="null" OriginId="org.eclipse.jdt.ui.PackageExplorer" StartDate="2020-01-07 09:41:43.629 CET" StructureHandle="/ProgettoQuarta/src/briatore/merkel" StructureKind="resource"/><InteractionEvent Delta="null" EndDate="2019-12-20 23:14:28.654 CET" Interest="47.0" Kind="propagation" Navigation="null" OriginId="org.eclipse.jdt.ui.CompilationUnitEditor" StartDate="2019-12-20 13:15:59.818 CET" StructureHandle="/Classe4/src/blundo/giuseppe/Riga.java" StructureKind="resource" NumEvents="47" CreationCount="760"/><InteractionEvent Delta="null" EndDate="2020-01-07 09:44:27.77 CET" Interest="2.0" Kind="edit" Navigation="null" OriginId="org.eclipse.jdt.ui.CompilationUnitEditor" StartDate="2020-01-07 09:44:23.150 CET" StructureHandle="=ProgettoQuarta/src&amp;lt;automobili.motorizzazione.civile{Archivio.java[Archivio~Archivio" StructureKind="java" NumEvents="2" CreationCount="1568"/><InteractionEvent Delta="null" EndDate="2020-01-07 09:44:22.373 CET" Interest="1.0" Kind="selection" Navigation="null" OriginId="org.eclipse.jdt.ui.CompilationUnitEditor" StartDate="2020-01-07 09:44:22.373 CET" StructureHandle="=ProgettoQuarta/src&amp;lt;automobili.motorizzazione.civile{Archivio.java[Archivio~Archivio" StructureKind="java"/><InteractionEvent Delta="null" EndDate="2019-12-20 13:16:08.468 CET" Interest="2.017" Kind="propagation" Navigation="org.eclipse.mylyn.core.model.edges.containment" OriginId="org.eclipse.mylyn.core.model.interest.propagation" StartDate="2019-12-20 12:17:47.39 CET" StructureHandle="=Classe4/src&amp;lt;data.locale" StructureKind="java" NumEvents="3" CreationCount="757"/><InteractionEvent Delta="null" EndDate="2019-12-20 12:17:45.214 CET" Interest="1.0" Kind="selection" Navigation="null" OriginId="org.eclipse.jdt.ui.PackageExplorer" StartDate="2019-12-20 12:17:45.214 CET" StructureHandle="=Classe4/src&amp;lt;data.locale" StructureKind="java"/><InteractionEvent Delta="null" EndDate="2019-12-16 14:31:44.479 CET" Interest="4.0" Kind="propagation" Navigation="null" OriginId="org.eclipse.jdt.ui.CompilationUnitEditor" StartDate="2019-12-16 14:31:36.810 CET" StructureHandle="/Classe4/src/razionale/numero/oggetto/Programma.java" StructureKind="resource" NumEvents="4" CreationCount="598"/><InteractionEvent Delta="null" EndDate="2020-01-07 09:40:00.919 CET" Interest="187.49199" Kind="propagation" Navigation="org.eclipse.mylyn.core.model.edges.containment" OriginId="org.eclipse.mylyn.core.model.interest.propagation" StartDate="2019-12-09 09:48:44.926 CET" StructureHandle="=Classe4/src" StructureKind="java" NumEvents="252" CreationCount="140"/><InteractionEvent Delta="null" EndDate="2019-12-20 13:15:56.372 CET" Interest="2.0" Kind="selection" Navigation="null" OriginId="org.eclipse.jdt.ui.PackageExplorer" StartDate="2019-12-13 13:30:58.718 CET" StructureHandle="=Classe4/src" StructureKind="java" NumEvents="2" CreationCount="140"/><InteractionEvent Delta="null" EndDate="2019-12-13 13:39:50.897 CET" Interest="1.0" Kind="selection" Navigation="null" OriginId="org.eclipse.jdt.ui.CompilationUnitEditor" StartDate="2019-12-13 13:39:50.897 CET" StructureHandle="=Classe4/src&amp;lt;Briatore.Merkel{Struttura.java[Struttura~Struttura~QString;~QString;~QString;" StructureKind="java"/><InteractionEvent Delta="null" EndDate="2019-12-09 09:51:40.314 CET" Interest="8.0" Kind="propagation" Navigation="null" OriginId="org.eclipse.jdt.ui.CompilationUnitEditor" StartDate="2019-12-09 09:49:21.68 CET" StructureHandle="/Classe4/src/interfaccia/prova/Prova.java" StructureKind="resource" NumEvents="8" CreationCount="2"/><InteractionEvent Delta="null" EndDate="2019-12-16 14:31:44.479 CET" Interest="1.7" Kind="propagation" Navigation="org.eclipse.mylyn.core.model.edges.containment" OriginId="org.eclipse.mylyn.core.model.interest.propagation" StartDate="2019-12-16 14:31:41.81 CET" StructureHandle="=Classe4/src&amp;lt;razionale.numero.oggetto{Programma.java[Programma" StructureKind="java" NumEvents="2" CreationCount="600"/><InteractionEvent Delta="null" EndDate="2019-12-16 14:30:51.184 CET" Interest="1.0" Kind="edit" Navigation="null" OriginId="org.eclipse.jdt.ui.CompilationUnitEditor" StartDate="2019-12-16 14:30:51.184 CET" StructureHandle="=Classe4/src&amp;lt;blundo_giuseppe{Prova.java" StructureKind="java"/><InteractionEvent Delta="null" EndDate="2019-12-16 14:30:47.533 CET" Interest="0.03400004" Kind="propagation" Navigation="org.eclipse.mylyn.core.model.edges.containment" OriginId="org.eclipse.mylyn.core.model.interest.propagation" StartDate="2019-12-16 14:30:47.533 CET" StructureHandle="=Classe4/src&amp;lt;blundo_giuseppe{Prova.java" StructureKind="java"/><InteractionEvent Delta="null" EndDate="2019-12-16 14:31:52.350 CET" Interest="3.0" Kind="selection" Navigation="null" OriginId="org.eclipse.jdt.ui.CompilationUnitEditor" StartDate="2019-12-16 14:30:43.548 CET" StructureHandle="=Classe4/src&amp;lt;blundo_giuseppe{Prova.java" StructureKind="java" NumEvents="3" CreationCount="586"/><InteractionEvent Delta="null" EndDate="2019-12-20 22:57:08.211 CET" Interest="5.432" Kind="manipulation" Navigation="null" OriginId="org.eclipse.mylyn.core.model.interest.decay.correction" StartDate="2019-12-20 22:57:08.211 CET" StructureHandle="/Classe4/src/blundo/giuseppe/Main.java" StructureKind="resource"/><InteractionEvent Delta="null" EndDate="2020-01-07 09:40:00.918 CET" Interest="227.0" Kind="propagation" Navigation="null" OriginId="org.eclipse.jdt.ui.PackageExplorer" StartDate="2019-12-20 13:15:59.817 CET" StructureHandle="/Classe4/src/blundo/giuseppe/Main.java" StructureKind="resource" NumEvents="227" CreationCount="1209"/><InteractionEvent Delta="null" EndDate="2019-12-16 14:02:47.791 CET" Interest="28.368" Kind="propagation" Navigation="org.eclipse.mylyn.core.model.edges.containment" OriginId="org.eclipse.mylyn.core.model.interest.propagation" StartDate="2019-12-13 13:31:32.167 CET" StructureHandle="=Classe4/src&amp;lt;Briatore.Merkel" StructureKind="java" NumEvents="42" CreationCount="191"/><InteractionEvent Delta="null" EndDate="2019-12-13 13:43:21.115 CET" Interest="3.0" Kind="selection" Navigation="null" OriginId="org.eclipse.jdt.ui.PackageExplorer" StartDate="2019-12-13 13:31:32.194 CET" StructureHandle="=Classe4/src&amp;lt;Briatore.Merkel" StructureKind="java" NumEvents="3" CreationCount="191"/><InteractionEvent Delta="null" EndDate="2019-12-16 14:02:49.433 CET" Interest="43.0" Kind="propagation" Navigation="null" OriginId="org.eclipse.jdt.ui.CompilationUnitEditor" StartDate="2019-12-13 13:35:21.277 CET" StructureHandle="/Classe4/src/Briatore/Merkel/Struttura.java" StructureKind="resource" NumEvents="43" CreationCount="239"/><InteractionEvent Delta="null" EndDate="2019-12-13 13:30:50.242 CET" Interest="5.0" Kind="propagation" Navigation="null" OriginId="org.eclipse.jdt.ui.CompilationUnitEditor" StartDate="2019-12-12 16:36:06.203 CET" StructureHandle="/Classe4/src/ioBasic/LeggiFilePlus.java" StructureKind="resource" NumEvents="5" CreationCount="89"/><InteractionEvent Delta="null" EndDate="2019-12-16 14:02:47.789 CET" Interest="29.0" Kind="edit" Navigation="null" OriginId="org.eclipse.jdt.ui.CompilationUnitEditor" StartDate="2019-12-13 13:32:17.507 CET" StructureHandle="=Classe4/src&amp;lt;Briatore.Merkel{Impiegato.java[Impiegato" StructureKind="java" NumEvents="29" CreationCount="195"/><InteractionEvent Delta="null" EndDate="2019-12-16 14:02:47.329 CET" Interest="11.0" Kind="selection" Navigation="null" OriginId="org.eclipse.jdt.ui.CompilationUnitEditor" StartDate="2019-12-13 13:32:16.257 CET" StructureHandle="=Classe4/src&amp;lt;Briatore.Merkel{Impiegato.java[Impiegato" StructureKind="java" NumEvents="11" CreationCount="195"/><InteractionEvent Delta="null" EndDate="2019-12-16 14:31:44.478 CET" Interest="1.0" Kind="edit" Navigation="null" OriginId="org.eclipse.jdt.ui.CompilationUnitEditor" StartDate="2019-12-16 14:31:44.478 CET" StructureHandle="=Classe4/src&amp;lt;razionale.numero.oggetto{Programma.java[Programma~main~\[QString;" StructureKind="java"/><InteractionEvent Delta="null" EndDate="2019-12-16 14:31:41.81 CET" Interest="1.0" Kind="selection" Navigation="null" OriginId="org.eclipse.jdt.ui.CompilationUnitEditor" StartDate="2019-12-16 14:31:41.81 CET" StructureHandle="=Classe4/src&amp;lt;razionale.numero.oggetto{Programma.java[Programma~main~\[QString;" StructureKind="java"/><InteractionEvent Delta="null" EndDate="2019-12-20 13:16:08.467 CET" Interest="3.017" Kind="propagation" Navigation="org.eclipse.mylyn.core.model.edges.containment" OriginId="org.eclipse.mylyn.core.model.interest.propagation" StartDate="2019-12-20 12:17:45.214 CET" StructureHandle="/Classe4/src/data" StructureKind="resource" NumEvents="4" CreationCount="757"/><InteractionEvent Delta="null" EndDate="2019-12-16 14:30:29.898 CET" Interest="22.0" Kind="edit" Navigation="null" OriginId="org.eclipse.jdt.ui.CompilationUnitEditor" StartDate="2019-12-16 14:22:09.851 CET" StructureHandle="=Classe4/src&amp;lt;motorizzazione{Record.java[Record~getPersona" StructureKind="java" NumEvents="22" CreationCount="431"/><InteractionEvent Delta="null" EndDate="2019-12-16 14:30:27.427 CET" Interest="4.0" Kind="selection" Navigation="null" OriginId="org.eclipse.jdt.ui.CompilationUnitEditor" StartDate="2019-12-16 14:22:07.551 CET" StructureHandle="=Classe4/src&amp;lt;motorizzazione{Record.java[Record~getPersona" StructureKind="java" NumEvents="4" CreationCount="431"/><InteractionEvent Delta="null" EndDate="2019-12-09 09:49:24.970 CET" Interest="2.0" Kind="edit" Navigation="null" OriginId="org.eclipse.jdt.ui.CompilationUnitEditor" StartDate="2019-12-09 09:49:23.845 CET" StructureHandle="=Classe4/src&amp;lt;interfaccia.prova{Prova.java[Prova~hasNext" StructureKind="java" NumEvents="2" CreationCount="3"/><InteractionEvent Delta="null" EndDate="2019-12-09 09:49:21.657 CET" Interest="1.0" Kind="selection" Navigation="null" OriginId="org.eclipse.jdt.ui.CompilationUnitEditor" StartDate="2019-12-09 09:49:21.657 CET" StructureHandle="=Classe4/src&amp;lt;interfaccia.prova{Prova.java[Prova~hasNext" StructureKind="java"/><InteractionEvent Delta="null" EndDate="2019-12-20 13:15:59.814 CET" Interest="1.0" Kind="propagation" Navigation="null" OriginId="org.eclipse.mylyn.resources.ui.interest.updater" StartDate="2019-12-20 13:15:59.814 CET" StructureHandle="=Classe4/src&amp;lt;blundo" StructureKind="java"/><InteractionEvent Delta="null" EndDate="2020-01-07 09:43:55.16 CET" Interest="12.0" Kind="propagation" Navigation="null" OriginId="org.eclipse.jdt.ui.CompilationUnitEditor" StartDate="2020-01-07 09:41:49.122 CET" StructureHandle="/ProgettoQuarta/src/automobili/motorizzazione/civile/Programma.java" StructureKind="resource" NumEvents="12" CreationCount="1531"/><InteractionEvent Delta="null" EndDate="2019-12-20 23:10:00.427 CET" Interest="121.0" Kind="edit" Navigation="null" OriginId="org.eclipse.jdt.ui.CompilationUnitEditor" StartDate="2019-12-20 13:22:55.950 CET" StructureHandle="=Classe4/src&amp;lt;blundo.giuseppe{Fattura.java[Fattura~imponibile" StructureKind="java" NumEvents="121" CreationCount="799"/><InteractionEvent Delta="null" EndDate="2019-12-20 23:09:49.313 CET" Interest="6.0" Kind="selection" Navigation="null" OriginId="org.eclipse.jdt.ui.CompilationUnitEditor" StartDate="2019-12-20 13:22:39.663 CET" StructureHandle="=Classe4/src&amp;lt;blundo.giuseppe{Fattura.java[Fattura~imponibile" StructureKind="java" NumEvents="6" CreationCount="799"/><InteractionEvent Delta="null" EndDate="2019-12-09 09:51:56.207 CET" Interest="5.0" Kind="edit" Navigation="null" OriginId="org.eclipse.jdt.ui.CompilationUnitEditor" StartDate="2019-12-09 09:51:28.671 CET" StructureHandle="=Classe4/src&amp;lt;motorizzazione{Main.java[Main~main~\[QString;" StructureKind="java" NumEvents="5" CreationCount="27"/><InteractionEvent Delta="null" EndDate="2019-12-09 09:51:41.724 CET" Interest="2.0" Kind="selection" Navigation="null" OriginId="org.eclipse.jdt.ui.CompilationUnitEditor" StartDate="2019-12-09 09:51:27.206 CET" StructureHandle="=Classe4/src&amp;lt;motorizzazione{Main.java[Main~main~\[QString;" StructureKind="java" NumEvents="2" CreationCount="27"/><InteractionEvent Delta="null" EndDate="2019-12-16 14:02:47.790 CET" Interest="25.351" Kind="propagation" Navigation="org.eclipse.mylyn.core.model.edges.containment" OriginId="org.eclipse.mylyn.core.model.interest.propagation" StartDate="2019-12-13 13:32:12.684 CET" StructureHandle="=Classe4/src&amp;lt;Briatore.Merkel{Impiegato.java" StructureKind="java" NumEvents="36" CreationCount="192"/><InteractionEvent Delta="null" EndDate="2019-12-16 14:02:47.290 CET" Interest="6.0" Kind="selection" Navigation="null" OriginId="org.eclipse.jdt.ui.CompilationUnitEditor" StartDate="2019-12-13 13:32:12.793 CET" StructureHandle="=Classe4/src&amp;lt;Briatore.Merkel{Impiegato.java" StructureKind="java" NumEvents="6" CreationCount="192"/><InteractionEvent Delta="null" EndDate="2020-01-07 09:41:31.855 CET" Interest="1.0" Kind="propagation" Navigation="null" OriginId="org.eclipse.jdt.ui.PackageExplorer" StartDate="2020-01-07 09:41:31.855 CET" StructureHandle="/ProgettoQuarta/src/data/locale" StructureKind="resource"/><InteractionEvent Delta="null" EndDate="2019-12-13 13:44:25.13 CET" Interest="13.0" Kind="edit" Navigation="null" OriginId="org.eclipse.jdt.ui.CompilationUnitEditor" StartDate="2019-12-13 13:43:35.290 CET" StructureHandle="=Classe4/src&amp;lt;Briatore.Merkel{Gruppo.java[Gruppo" StructureKind="java" NumEvents="13" CreationCount="314"/><InteractionEvent Delta="null" EndDate="2019-12-16 14:02:49.861 CET" Interest="3.0" Kind="selection" Navigation="null" OriginId="org.eclipse.jdt.ui.CompilationUnitEditor" StartDate="2019-12-13 13:43:31.218 CET" StructureHandle="=Classe4/src&amp;lt;Briatore.Merkel{Gruppo.java[Gruppo" StructureKind="java" NumEvents="3" CreationCount="314"/><InteractionEvent Delta="null" EndDate="2019-12-20 14:00:53.372 CET" Interest="10.0" Kind="edit" Navigation="null" OriginId="org.eclipse.jdt.ui.CompilationUnitEditor" StartDate="2019-12-20 13:40:42.806 CET" StructureHandle="=Classe4/src&amp;lt;blundo.giuseppe{Fattura.java[Fattura~Fattura~QLocalDate;~QString;" StructureKind="java" NumEvents="10" CreationCount="952"/><InteractionEvent Delta="null" EndDate="2019-12-20 22:58:14.320 CET" Interest="12.0" Kind="selection" Navigation="null" OriginId="org.eclipse.jdt.ui.CompilationUnitEditor" StartDate="2019-12-20 13:33:04.15 CET" StructureHandle="=Classe4/src&amp;lt;blundo.giuseppe{Fattura.java[Fattura~Fattura~QLocalDate;~QString;" StructureKind="java" NumEvents="12" CreationCount="952"/><InteractionEvent Delta="null" EndDate="2020-01-07 09:41:31.855 CET" Interest="1.0" Kind="selection" Navigation="null" OriginId="org.eclipse.jdt.ui.PackageExplorer" StartDate="2020-01-07 09:41:31.855 CET" StructureHandle="=ProgettoQuarta/src&amp;lt;data.locale" StructureKind="java"/><InteractionEvent Delta="null" EndDate="2019-12-16 14:30:34.891 CET" Interest="1.0" Kind="selection" Navigation="null" OriginId="org.eclipse.jdt.ui.CompilationUnitEditor" StartDate="2019-12-16 14:30:34.891 CET" StructureHandle="=Classe4/src&amp;lt;motorizzazione{Record.java[Record^rec" StructureKind="java"/><InteractionEvent Delta="null" EndDate="2019-12-20 13:16:08.467 CET" Interest="3.017" Kind="propagation" Navigation="org.eclipse.mylyn.core.model.edges.containment" OriginId="org.eclipse.mylyn.core.model.interest.propagation" StartDate="2019-12-20 12:17:45.214 CET" StructureHandle="/Classe4/src/data/locale" StructureKind="resource" NumEvents="4" CreationCount="757"/><InteractionEvent Delta="null" EndDate="2019-12-20 23:14:30.196 CET" Interest="4.940001" Kind="manipulation" Navigation="null" OriginId="org.eclipse.mylyn.core.model.interest.decay.correction" StartDate="2019-12-20 13:51:26.906 CET" StructureHandle="/Classe4/src/blundo/giuseppe/Prodotto.java" StructureKind="resource" NumEvents="3" CreationCount="760"/><InteractionEvent Delta="null" EndDate="2019-12-20 23:14:30.196 CET" Interest="10.0" Kind="propagation" Navigation="null" OriginId="org.eclipse.jdt.ui.CompilationUnitEditor" StartDate="2019-12-20 13:15:59.816 CET" StructureHandle="/Classe4/src/blundo/giuseppe/Prodotto.java" StructureKind="resource" NumEvents="10" CreationCount="760"/><InteractionEvent Delta="null" EndDate="2019-12-16 14:31:49.768 CET" Interest="5.0" Kind="propagation" Navigation="org.eclipse.mylyn.core.model.edges.containment" OriginId="org.eclipse.mylyn.core.model.interest.propagation" StartDate="2019-12-16 14:31:36.810 CET" StructureHandle="/Classe4/src/razionale/numero" StructureKind="resource" NumEvents="5" CreationCount="598"/><InteractionEvent Delta="null" EndDate="2019-12-16 14:33:28.6 CET" Interest="2.0" Kind="edit" Navigation="null" OriginId="org.eclipse.jdt.ui.CompilationUnitEditor" StartDate="2019-12-16 14:33:27.5 CET" StructureHandle="=Classe4/src&amp;lt;motorizzazione{Main.java[Main" StructureKind="java" NumEvents="2" CreationCount="289"/><InteractionEvent Delta="null" EndDate="2019-12-16 14:52:21.867 CET" Interest="68.419" Kind="propagation" Navigation="org.eclipse.mylyn.core.model.edges.containment" OriginId="org.eclipse.mylyn.core.model.interest.propagation" StartDate="2019-12-09 09:48:44.925 CET" StructureHandle="=Classe4/src&amp;lt;motorizzazione{Main.java[Main" StructureKind="java" NumEvents="96" CreationCount="289"/><InteractionEvent Delta="null" EndDate="2019-12-16 14:34:45.263 CET" Interest="3.0" Kind="selection" Navigation="null" OriginId="org.eclipse.jdt.ui.CompilationUnitEditor" StartDate="2019-12-12 11:21:06.480 CET" StructureHandle="=Classe4/src&amp;lt;motorizzazione{Main.java[Main" StructureKind="java" NumEvents="3" CreationCount="289"/><InteractionEvent Delta="null" EndDate="2019-12-13 13:43:52.266 CET" Interest="1.0" Kind="selection" Navigation="null" OriginId="org.eclipse.jdt.ui.CompilationUnitEditor" StartDate="2019-12-13 13:43:52.266 CET" StructureHandle="=Classe4/src&amp;lt;Briatore.Merkel{Gruppo.java[Gruppo^p" StructureKind="java"/><InteractionEvent Delta="null" EndDate="2019-12-20 13:16:16.683 CET" Interest="30.0" Kind="edit" Navigation="null" OriginId="org.eclipse.jdt.ui.CompilationUnitEditor" StartDate="2019-12-09 09:52:08.773 CET" StructureHandle="=Classe4/src&amp;lt;motorizzazione{Archivio.java[Archivio" StructureKind="java" NumEvents="30" CreationCount="42"/><InteractionEvent Delta="null" EndDate="2019-12-16 14:25:13.425 CET" Interest="64.134" Kind="propagation" Navigation="org.eclipse.mylyn.core.model.edges.containment" OriginId="org.eclipse.mylyn.core.model.interest.propagation" StartDate="2019-12-16 14:17:25.258 CET" StructureHandle="=Classe4/src&amp;lt;motorizzazione{Archivio.java[Archivio" StructureKind="java" NumEvents="90" CreationCount="42"/><InteractionEvent Delta="null" EndDate="2019-12-20 13:16:15.973 CET" Interest="20.0" Kind="selection" Navigation="null" OriginId="org.eclipse.jdt.ui.CompilationUnitEditor" StartDate="2019-12-09 09:52:08.88 CET" StructureHandle="=Classe4/src&amp;lt;motorizzazione{Archivio.java[Archivio" StructureKind="java" NumEvents="20" CreationCount="42"/><InteractionEvent Delta="null" EndDate="2020-01-07 09:40:00.918 CET" Interest="817.0" Kind="propagation" Navigation="org.eclipse.mylyn.core.model.edges.containment" OriginId="org.eclipse.mylyn.core.model.interest.propagation" StartDate="2019-12-20 13:15:59.815 CET" StructureHandle="/Classe4/src/blundo" StructureKind="resource" NumEvents="817" CreationCount="760"/><InteractionEvent Delta="null" EndDate="2020-01-07 09:43:55.2 CET" Interest="7.0" Kind="propagation" Navigation="org.eclipse.mylyn.core.model.edges.containment" OriginId="org.eclipse.mylyn.core.model.interest.propagation" StartDate="2020-01-07 09:41:49.123 CET" StructureHandle="=ProgettoQuarta/src&amp;lt;automobili.motorizzazione.civile" StructureKind="java" NumEvents="7" CreationCount="1531"/><InteractionEvent Delta="null" EndDate="2020-01-07 09:46:43.305 CET" Interest="1.0" Kind="selection" Navigation="null" OriginId="org.eclipse.jdt.ui.PackageExplorer" StartDate="2020-01-07 09:46:43.305 CET" StructureHandle="=ProgettoQuarta/src&amp;lt;automobili.motorizzazione.civile" StructureKind="java"/></InteractionHistory>